Expérience,LR,Accuracy (%),Loss,F1-score,Erreurs,Temps (s),LR final
Exp2_LR_0.0005,0.0005,80.17,0.4332,0.801,119,1172.66,0.0001250000059371
Exp1_LR_0.0003,0.0003,79.5,0.4276,0.795,123,779.4,0.0001500000071246
Exp6_LR0.0005_Dropout_0.6,0.0005,79.5,0.4198,0.795,123,858.9,0.0005000000237487
Exp7_LR0.0005_DO0.5_AUG_30_0.3,0.0005,79.5,0.4393,0.795,123,824.06,0.0005000000237487
Exp8_IMG160_LR0.0005_DO0.5,0.0005,77.67,0.4604,0.777,134,1359.61,0.0005000000237487257
Exp4_LR_0.0005_Dropout_0.4,0.0005,77.5,0.4591,0.775,135,751.85,0.0005000000237487
Exp5_LR0.0005_Dropout_0.3,0.0005,76.83,0.454,0.766,139,751.66,0.0005000000237487
Exp3_LR_0.001,0.001,73.67,0.5076,0.736,158,785.06,0.0005000000237487
