Expérience,LR,Accuracy (%),Loss,F1-score,Erreurs,Temps (s),LR final
Exp2_LR_0.0005,0.0005,80.17,0.4332,0.801,119,1172.66,0.0001250000059371814
Exp1_LR_0.0003,0.0003,79.5,0.4276,0.795,123,779.4,0.0001500000071246
